original_text,modified_text,original_label,original_pred,modified_label,modified_pred
"as the two leads, lathan and diggs are charming and have chemistry both as friends and lovers.","As the two leads, Lathan and Diggs are seen as charming and are perceived to have chemistry both as friends and lovers.",1,1,1,1
"an interesting story with a pertinent (cinematically unique) message, told fairly well and scored to perfection, i found myself struggling to put my finger on that elusive `` missing thing. ''",A story of interest with a message that is pertinent (cinematically unique) was told fairly well and scored to perfection; it was found by me that there was a struggle to put my finger on that elusive'missing thing.',1,1,1,1
a literate presentation that wonderfully weaves a murderous event in 1873 with murderous rage in 2002.,A literate presentation that is wonderfully woven from a murderous event in 1873 with murderous rage in 2002.,1,1,1,1
at least one scene is so disgusting that viewers may be hard pressed to retain their lunch.,At least one scene is so disgusting that it may be hard for viewers to be pressed hard enough to retain their lunch.,0,0,0,0
that is a compliment to kuras and miller.,A compliment is being given to Kuras and Miller.,1,1,1,1
the character of zigzag is not sufficiently developed to support a film constructed around him.,The character of Zigzag is not developed sufficiently for a film to be constructed around him.,0,0,0,0
too much of it feels unfocused and underdeveloped.,Too much of it is felt to be unfocused and underdeveloped.,0,0,0,0
"thanks to scott's charismatic roger and eisenberg's sweet nephew, roger dodger is one of the most compelling variations on in the company of men.","Thanks to Scott's charismatic portrayal of Roger and Eisenberg's portrayal of the sweet nephew, Roger Dodger is considered to be one of the most compelling variations on'In the Company of Men'.",1,1,1,1
"it's of the quality of a lesser harrison ford movie - six days, seven nights, maybe, or that dreadful sabrina remake.","The quality of it is reminiscent of a lesser Harrison Ford movie - perhaps Six Days, Seven Nights, or that dreadful Sabrina remake.",0,0,0,0
a sequence of ridiculous shoot - 'em - up scenes.,A sequence of shoot -'em - up scenes that are ridiculous.,0,0,0,0
"this illuminating documentary transcends our preconceived vision of the holy land and its inhabitants, revealing the human complexities beneath.","Our preconceived vision of the holy land and its inhabitants is transcended by this illuminating documentary, revealing the human complexities beneath.",1,1,1,1
this isn't even madonna's swept away.,This isn't even swept away by Madonna.,0,0,0,0
k-19 exploits our substantial collective fear of nuclear holocaust to generate cheap hollywood tension.,Our substantial collective fear of nuclear holocaust is exploited by K-19 to generate cheap Hollywood tension.,0,0,0,0
"movie fans, get ready to take off... the other direction.","Movie fans, be ready to be taken off... in the other direction.",0,1,0,1
the end result is a film that's neither.,The end result is a film that is neither admired nor enjoyed.,0,0,0,0
"charles ' entertaining film chronicles seinfeld's return to stand-up comedy after the wrap of his legendary sitcom, alongside wannabe comic adams ' attempts to get his shot at the big time.","The entertaining film by Charles is chronicled, which follows Seinfeld's return to stand-up comedy after his legendary sitcom wrapped up, alongside the attempts by wannabe comic Adams to get his shot at the big time.",1,1,1,1
"entertains by providing good, lively company.","Good, lively company is provided for entertainment.",1,1,1,1
"a very well-made, funny and entertaining picture.","A picture that is very well-made, funny, and entertaining.",1,1,1,1
"it's played in the most straight-faced fashion, with little humor to lighten things up.","It is played in the most straight-faced fashion, with little humor being used to lighten things up.",0,0,0,0
"no sophomore slump for director sam mendes, who segues from oscar winner to oscar-winning potential with a smooth sleight of hand.","No sophomore slump is experienced by director Sam Mendes, who is segued from Oscar winner to Oscar-winning potential with a smooth sleight of hand.",1,1,1,1
it confirms fincher's status as a film maker who artfully bends technical know-how to the service of psychological insight.,Fincher's status as a film maker who artfully bends technical know-how to the service of psychological insight is confirmed by it.,1,1,1,1
oh come on.,"Oh, it is insisted upon.",0,0,0,1
"a warm, funny, engaging film.","A film that is warm, funny, and engaging.",1,1,1,1
"visually rather stunning, but ultimately a handsome-looking bore, the true creativity would have been to hide treasure planet entirely and completely reimagine it.","Visually considered rather stunning, but ultimately a handsome-looking bore, it would have been true creativity to have Treasure Planet entirely hidden and completely reimagined.",0,0,0,0
the draw (for `` big bad love '') is a solid performance by arliss howard.,The draw (for'Big Bad Love') is characterized by a solid performance that is given by Arliss Howard.,1,1,1,1
moretti's compelling anatomy of grief and the difficult process of adapting to loss.,Moretti's anatomy of grief and the difficult process of adapting to loss are presented compellingly.,0,1,0,1
i'll bet the video game is a lot more fun than the film.,It is bet that the video game is a lot more fun than the film.,0,1,0,1
"the vitality of the actors keeps the intensity of the film high, even as the strafings blend together.","The intensity of the film is kept high by the vitality of the actors, even as the strafings are blended together.",1,1,1,1
coughs and sputters on its own postmodern conceit.,Is coughed and sputtered on by its own postmodern conceit.,0,0,0,0
among the year's most intriguing explorations of alientation.,"Among the year's explorations of alienation, this is considered one of the most intriguing.",1,1,1,1
lapaglia's ability to convey grief and hope works with weaver's sensitive reactions to make this a two-actor master class.,The ability of LaPaglia to convey grief and hope is worked with by Weaver's sensitive reactions to make this a master class of two actors.,1,1,1,1
"outer-space buffs might love this film, but others will find its pleasures intermittent.","This film might be loved by outer-space buffs, but its pleasures will be found intermittent by others.",0,0,0,1
enormously entertaining for moviegoers of any age.,Found enormously entertaining by moviegoers of any age.,1,1,1,1
villeneuve spends too much time wallowing in bibi's generic angst (there are a lot of shots of her gazing out windows).,Too much time is spent by Villeneuve wallowing in Bibi's generic angst (there are a lot of shots of her being gazed out of windows).,0,0,0,0
"it doesn't believe in itself, it has no sense of humor... it's just plain bored.","Belief in itself is not present, a sense of humor is absent... it is just made plain bored.",0,0,0,0
it's a stunning lyrical work of considerable force and truth.,It is considered a stunning lyrical work of considerable force and truth.,1,1,1,1
"and when you're talking about a slapstick comedy, that's a pretty big problem.","and when a slapstick comedy is being talked about, that's a pretty big problem.",0,0,0,0
late marriage's stiffness is unlikely to demonstrate the emotional clout to sweep u.s. viewers off their feet.,It is unlikely that the stiffness of late marriage will demonstrate the emotional clout to sweep U.S. viewers off their feet.,0,0,0,0
blanchett's performance confirms her power once again.,Blanchett's power is confirmed by her performance once again.,1,1,1,1
"nelson's brutally unsentimental approach... sucks the humanity from the film, leaving behind an horrific but weirdly unemotional spectacle.","The humanity is sucked from the film by Nelson's brutally unsentimental approach, leaving behind a spectacle that is horrific but weirdly unemotional.",0,0,0,0
"so, too, is this comedy about mild culture clashing in today's new delhi.","So, too, is this comedy about mild culture being clashed in today's New Delhi.",1,1,1,1
the cold turkey would've been a far better title.,A far better title would have been given by'the cold turkey'.,0,0,0,0
the overall effect is less like a children's movie than a recruitment film for future hollywood sellouts.,The overall effect is less like a children's movie than it is like a recruitment film for future Hollywood sellouts.,0,0,0,0
"a misogynistic piece of filth that attempts to pass itself off as hip, young adult entertainment.","A piece of filth that is misogynistic and attempts to be passed off as hip, young adult entertainment.",0,0,0,0
"the acting, costumes, music, cinematography and sound are all astounding given the production's austere locales.","The acting, costumes, music, cinematography, and sound were all found to be astounding, given the production's austere locales.",1,1,1,1
the film tries too hard to be funny and tries too hard to be hip.,Too hard is tried by the film to be funny and too hard is tried to be hip.,0,0,0,0
"the special effects and many scenes of weightlessness look as good or better than in the original, while the oscar-winning sound and james horner's rousing score make good use of the hefty audio system.","The special effects and many scenes of weightlessness are looked upon as good or better than those in the original, while the Oscar-winning sound and James Horner's rousing score are made to take good advantage of the hefty audio system.",1,1,1,1
like you couldn't smell this turkey rotting from miles away.,It's like this turkey couldn't be smelled rotting from miles away.,0,0,0,0
"drops you into a dizzying, volatile, pressure-cooker of a situation that quickly snowballs out of control, while focusing on the what much more than the why.","You are dropped into a dizzying, volatile, pressure-cooker of a situation that is quickly snowballed out of control, while the focus is on the what much more than the why.",1,0,1,0
detox is ultimately a pointless endeavor.,Detox is ultimately considered a pointless endeavor.,0,0,0,0
"not far beneath the surface, this reconfigured tale asks disturbing questions about those things we expect from military epics.","Not far beneath the surface, disturbing questions about those things we expect from military epics are asked by this reconfigured tale.",1,1,1,0
"the result is a gaudy bag of stale candy, something from a halloween that died.","A gaudy bag of stale candy is the result, something from a Halloween that died.",0,0,0,0
"the words, ` frankly, my dear, i don't give a damn, ' have never been more appropriate.","The words,'frankly, my dear, I don't give a damn,' have never been deemed more appropriate.",0,1,0,1
you wonder why enough wasn't just a music video rather than a full-length movie.,It is wondered why just a music video was not enough rather than a full-length movie.,0,0,0,0
turns potentially forgettable formula into something strangely diverting.,Potentially forgettable formula is turned into something strangely diverting.,1,1,1,1
does little more than play an innocuous game of fill-in - the-blanks with a tragic past.,Little more is done than playing an innocuous game of fill-in-the-blanks with a tragic past.,0,0,0,0
a film about a young man finding god that is accessible and touching to the marrow.,A film about a young man being found by God that is made accessible and touching to the marrow.,1,1,1,1
"mattei is tiresomely grave and long-winded, as if circularity itself indicated profundity.","Mattei is seen as tiresomely grave and long-winded, as if profundity were indicated by circularity itself.",0,0,0,0
huston nails both the glad-handing and the choking sense of hollow despair.,Both the glad-handing and the choking sense of hollow despair are nailed by Huston.,1,1,1,1
light years / several warp speeds / levels and levels of dilithium crystals better than the pitiful insurrection.,light years / several warp speeds / levels and levels of dilithium crystals are considered better than the pitiful insurrection.,1,1,1,0
"it will grip even viewers who aren't interested in rap, as it cuts to the heart of american society in an unnerving way.","Even viewers who are not interested in rap will be gripped, as the heart of American society is cut to in an unnerving way.",1,1,1,1
"some of their jokes work, but most fail miserably and in the end, pumpkin is far more offensive than it is funny.","Some of their jokes are found to work, but most are failed miserably and in the end, pumpkin is considered far more offensive than it is found to be funny.",0,0,0,0
don't be fooled by the impressive cast list - eye see you is pure junk.,Don't be fooled by the impressive cast list - Eye See You is considered pure junk.,0,0,0,0
few films capture so perfectly the hopes and dreams of little boys on baseball fields as well as the grown men who sit in the stands.,"The hopes and dreams of little boys on baseball fields are captured so perfectly by few films, as well as by the grown men who sit in the stands.",1,1,1,1
corpus collosum -- while undeniably interesting -- wore out its welcome well before the end credits rolled about 45 minutes in.,"The corpus collosum -- while undeniably interesting -- had its welcome worn out well before the end credits rolled, about 45 minutes in.",0,0,0,0
"what is 100 % missing here is a script of even the most elemental literacy, an inkling of genuine wit, and anything resembling acting.","What is 100% missing here is a script of even the most elemental literacy, an inkling of genuine wit, and anything resembling acting to be seen.",0,0,0,0
no screen fantasy-adventure in recent memory has the showmanship of clones ' last 45 minutes.,No screen fantasy-adventure in recent memory has been showcased with the showmanship of the last 45 minutes of clones.,1,0,1,0
a good piece of work more often than not.,A piece of work is considered good more often than not.,1,1,1,1
"like mike is a winner for kids, and no doubt a winner for lil bow wow, who can now add movies to the list of things he does well.","Like Mike is considered a winner for kids, and no doubt a winner for Lil Bow Wow, who can now have movies added to the list of things he does well.",1,1,1,1
"there is nothing outstanding about this film, but it is good enough and will likely be appreciated most by sailors and folks who know their way around a submarine.","Nothing outstanding is presented by this film, but it is considered good enough and is likely to be appreciated most by sailors and folks who are knowledgeable about submarines.",1,1,1,1
manages to show life in all of its banality when the intention is quite the opposite.,Life is shown in all of its banality when the intention is quite the opposite.,0,1,0,0
"the lion king was a roaring success when it was released eight years ago, but on imax it seems better, not just bigger.","The Lion King had been met with roaring success when it was released eight years ago, but on IMAX, it is perceived as better, not just bigger.",1,1,1,1
it's a beautiful madness.,A beautiful madness is being experienced.,1,1,1,1
"a broad, melodramatic estrogen opera that's pretty toxic in its own right.","A broad, melodramatic estrogen opera that is considered pretty toxic in its own right.",0,0,0,0
"so much facile technique, such cute ideas, so little movie.","So much technique is displayed facilely, such cute ideas are presented, so little of the movie is there.",1,0,1,0
"aside from minor tinkering, this is the same movie you probably loved in 1994, except that it looks even better.","Aside from minor tinkering, this movie, which you probably loved in 1994, is the same, except that it is made to look even better.",1,1,1,0
taylor appears to have blown his entire budget on soundtrack rights and had nothing left over for jokes.,It appears that the entire budget was blown by Taylor on soundtrack rights and nothing was left over for jokes.,0,0,0,0
"whether writer-director anne fontaine's film is a ghost story, an account of a nervous breakdown, a trip down memory lane, all three or none of the above, it is as seductive as it is haunting.","Whether the film by writer-director Anne Fontaine is seen as a ghost story, an account of a nervous breakdown, a trip down memory lane, all three, or none of the above, it is considered as seductive as it is haunting.",1,1,1,1
it deserves to be seen by anyone with even a passing interest in the events shaping the world beyond their own horizons.,It deserves to be seen by anyone with even a passing interest in the events that are shaping the world beyond their own horizons.,1,1,1,1
"at times, the suspense is palpable, but by the end there's a sense that the crux of the mystery hinges on a technicality that strains credulity and leaves the viewer haunted by the waste of potential.","At times, the suspense can be felt as palpable, but by the end, it is sensed that the crux of the mystery is hinged on a technicality that strains credulity and the viewer is left haunted by the waste of potential.",0,0,0,0
the structure the film takes may find matt damon and ben affleck once again looking for residuals as this officially completes a good will hunting trilogy that was never planned.,"The structure taken by the film may result in Matt Damon and Ben Affleck once again looking for residuals, as a Good Will Hunting trilogy that was never planned is officially completed by this.",1,1,1,0
"instead of a hyperbolic beat-charged urban western, it's an unpretentious, sociologically pointed slice of life.","Instead of being a hyperbolic beat-charged urban western, it is seen as an unpretentious, sociologically pointed slice of life.",1,1,1,1
"for this reason and this reason only -- the power of its own steadfast, hoity-toity convictions -- chelsea walls deserves a medal.","For this reason and this reason only -- the power of its own steadfast, hoity-toity convictions -- a medal is deserved by Chelsea Walls.",1,1,1,1
a marvel like none you've seen.,A marvel like none that has been seen by you.,1,1,1,1
"harris commands the screen, using his frailty to suggest the ravages of a life of corruption and ruthlessness.","The screen is commanded by Harris, with his frailty being used to suggest the ravages of a life of corruption and ruthlessness.",1,1,1,1
"moody, heartbreaking, and filmed in a natural, unforced style that makes its characters seem entirely convincing even when its script is not.","Moody, heartbreaking, and filmed in a natural, unforced style, the characters are made to seem entirely convincing even when the script is not.",1,1,1,1
"this is a good script, good dialogue, funny even for adults.","This script is considered good, the dialogue is seen as good, and it is found funny even by adults.",1,1,1,1
"this re-do is so dumb and so exploitative in its violence that, ironically, it becomes everything that the rather clumsy original was railing against.","This re-do is seen as so dumb and is considered so exploitative in its violence that, ironically, it becomes everything against which the rather clumsy original was railing.",0,0,0,0
like being trapped at a perpetual frat party... how can something so gross be so boring?,Being trapped at a perpetual frat party is like... how can something so gross be made so boring?,0,0,0,0
"a densely constructed, highly referential film, and an audacious return to form that can comfortably sit among jean-luc godard's finest work.","A densely constructed, highly referential film, and an audacious return to form that can be comfortably seated among Jean-Luc Godard's finest works.",1,1,1,1
"a study in shades of gray, offering itself up in subtle plot maneuvers...","A study is presented in shades of gray, with itself being offered up in subtle plot maneuvers...",1,1,1,0
"(t) here's only so much anyone can do with a florid, overplotted, anne rice rock 'n' roll vampire novel before the built-in silliness of the whole affair defeats them.","There is only so much that can be done by anyone with a florid, overplotted, Anne Rice rock'n' roll vampire novel before the built-in silliness of the whole affair defeats them.",0,0,0,0
"there are simply too many ideas floating around -- part farce, part sliding doors, part pop video -- and yet failing to exploit them.","There are simply too many ideas being floated around -- part farce, part sliding doors, part pop video -- and yet they are not being exploited.",0,0,0,0
the film makes a fatal mistake: it asks us to care about a young man whose only apparent virtue is that he is not quite as unpleasant as some of the people in his life.,A fatal mistake is made by the film: it asks us to care about a young man whose only apparent virtue is that he is not quite as unpleasant as some of the people in his life.,0,0,0,0
my big fat greek wedding uses stereotypes in a delightful blend of sweet romance and lovingly dished out humor.,Stereotypes are used in a delightful blend of sweet romance and lovingly dished out humor in My Big Fat Greek Wedding.,1,1,1,1
"it feels like an after-school special gussied up with some fancy special effects, and watching its rote plot points connect is about as exciting as gazing at an egg timer for 93 minutes.","It is felt like an after-school special that has been gussied up with some fancy special effects, and having its rote plot points connected is about as exciting as being gazed at an egg timer for 93 minutes.",0,0,0,0
there's a wickedly subversive bent to the best parts of birthday girl.,A wickedly subversive bent is present in the best parts of Birthday Girl.,1,1,1,1
"neither parker nor donovan is a typical romantic lead, but they bring a fresh, quirky charm to the formula.","A fresh, quirky charm is brought to the formula by neither Parker nor Donovan, who are not typical romantic leads.",1,1,1,0
` de niro... is a veritable source of sincere passion that this hollywood contrivance orbits around. ',`De Niro... is seen as a veritable source of sincere passion around which this Hollywood contrivance orbits.',1,1,1,1
"in its best moments, resembles a bad high school production of grease, without benefit of song.","In its best moments, it is resembled by a bad high school production of Grease, without the benefit of song.",0,0,0,0
