original_text,modified_text,original_label,original_pred,modified_label,modified_pred
this movie is maddening.,THIS movie is maddening.,0,0,0,0
"this re-do is so dumb and so exploitative in its violence that, ironically, it becomes everything that the rather clumsy original was railing against.","this re-do is so dumb and so EXPLOITATIVE in its violence that, ironically, it becomes everything that the rather clumsy original was railing against.",0,0,0,0
no aspirations to social import inform the movie version.,NO aspirations to social import inform the movie version.,0,0,0,0
teen movies have really hit the skids.,TEEN movies have really hit the skids.,0,1,0,1
taylor appears to have blown his entire budget on soundtrack rights and had nothing left over for jokes.,TAYLOR appears to have blown his entire budget on soundtrack rights and had nothing left over for jokes.,0,0,0,0
just one bad idea after another.,JUST one bad idea after another.,0,0,0,0
too much of it feels unfocused and underdeveloped.,TOO much of it feels unfocused and underdeveloped.,0,0,0,0
indifferently implausible popcorn programmer of a movie.,INDIFFERENTLY implausible popcorn programmer of a movie.,0,0,0,0
"it has its moments of swaggering camaraderie, but more often just feels generic, derivative and done to death.","it has its moments of swaggering camaraderie, but more often just feels GENERIC, derivative and done to death.",0,0,0,0
a valueless kiddie paean to pro basketball underwritten by the nba.,a valueless kiddie paean to pro basketball underwritten by the NBA.,0,0,0,0
"it takes a strange kind of laziness to waste the talents of robert forster, anne meara, eugene levy, and reginald veljohnson all in the same movie.","it takes a strange kind of LAZINESS to waste the talents of robert forster, anne meara, eugene levy, and reginald veljohnson all in the same movie.",0,0,0,0
"without non-stop techno or the existential overtones of a kieslowski morality tale, maelström is just another winter sleepers.","WITHOUT non-stop techno or the existential overtones of a kieslowski morality tale, maelstr\u00f6m is just another winter sleepers.",0,0,0,0
"slapstick buffoonery can tickle many a preschooler's fancy, but when it costs a family of four about $ 40 to see a film in theaters, why spend money on a dog like this when you can rent a pedigree instead?","SLAPSTICK buffoonery can tickle many a preschooler's fancy, but when it costs a family of four about $ 40 to see a film in theaters, why spend money on a dog like this when you can rent a pedigree instead?",0,0,0,0
the cold turkey would've been a far better title.,THE cold turkey would've been a far better title.,0,0,0,0
the character of zigzag is not sufficiently developed to support a film constructed around him.,the character of ZIGZAG is not sufficiently developed to support a film constructed around him.,0,0,0,0
"the reality of the new live-action pinocchio he directed, cowrote and starred in borders on the grotesque.","the reality of the new live-action PINOCCHIO he directed, cowrote and starred in borders on the grotesque.",0,0,0,0
it's a stunning lyrical work of considerable force and truth.,it's a STUNNING lyrical work of considerable force and truth.,1,1,1,1
the primitive force of this film seems to bubble up from the vast collective memory of the combatants.,THE primitive force of this film seems to bubble up from the vast collective memory of the combatants.,1,1,1,1
"whether writer-director anne fontaine's film is a ghost story, an account of a nervous breakdown, a trip down memory lane, all three or none of the above, it is as seductive as it is haunting.","whether writer-director anne fontaine's film is a ghost story, an account of a nervous breakdown, a trip down memory lane, all three or NONE of the above, it is as seductive as it is haunting.",1,1,1,1
... a magnificent drama well worth tracking down.,... a MAGNIFICENT drama well worth tracking down.,1,1,1,1
"what really makes it special is that it pulls us into its world, gives us a hero whose suffering and triumphs we can share, surrounds him with interesting characters and sends us out of the theater feeling we've shared a great adventure.","what really makes it SPECIAL is that it pulls us into its world, gives us a hero whose suffering and triumphs we can share, surrounds him with interesting characters and sends us out of the theater feeling we've shared a great adventure.",1,1,1,1
"minority report is exactly what the title indicates, a report.","MINORITY report is exactly what the title indicates, a report.",1,0,1,0
people cinema at its finest.,PEOPLE cinema at its finest.,1,1,1,1
my big fat greek wedding uses stereotypes in a delightful blend of sweet romance and lovingly dished out humor.,my big fat greek wedding uses stereotypes in a delightful blend of sweet ROMANCE and lovingly dished out humor.,1,1,1,1
what better message than ` love thyself ' could young women of any size receive?,what better message than ` LOVE thyself ' could young women of any size receive?,1,0,1,0
enormously entertaining for moviegoers of any age.,ENORMOUSLY entertaining for moviegoers of any age.,1,1,1,1
an intriguing cinematic omnibus and round-robin that occasionally is more interesting in concept than in execution.,AN intriguing cinematic omnibus and round-robin that occasionally is more interesting in concept than in execution.,1,1,1,1
"what the film lacks in general focus it makes up for in compassion, as corcuera manages to find the seeds of hope in the form of collective action.","what the film lacks in general focus it makes up for in compassion, as corcuera manages to find the seeds of HOPE in the form of collective action.",1,1,1,1
"there is nothing outstanding about this film, but it is good enough and will likely be appreciated most by sailors and folks who know their way around a submarine.","there is nothing outstanding about this film, but it is good enough and will likely be appreciated most by sailors and folks who know their way around a SUBMARINE.",1,1,1,1
it's an offbeat treat that pokes fun at the democratic exercise while also examining its significance for those who take part.,it's an offbeat treat that pokes fun at the DEMOCRATIC exercise while also examining its significance for those who take part.,1,1,1,1
what distinguishes time of favor from countless other thrillers is its underlying concern with the consequences of words and with the complicated emotions fueling terrorist acts.,what distinguishes TIME of favor from countless other thrillers is its underlying concern with the consequences of words and with the complicated emotions fueling terrorist acts.,1,1,1,1
"and when you're talking about a slapstick comedy, that's a pretty big problem.","and when you're talking about a slapstick comedy, that's a pretty big PrObLeM.",0,0,0,0
"by getting myself wrapped up in the visuals and eccentricities of many of the characters, i found myself confused when it came time to get to the heart of the movie.","by getting myself wrapped up in the visuals and eccentricities of many of the characters, i found myself cOnFuSeD when it came time to get to the heart of the movie.",0,0,0,0
"suffocated by its fussy script and uptight characters, this musty adaptation is all the more annoying since it's been packaged and sold back to us by hollywood.","suffocated by its fussy script and uptight characters, this musty adaptation is all the more annoying since it's been packaged and sold back to us by hOlLyWoOd.",0,0,0,0
at least one scene is so disgusting that viewers may be hard pressed to retain their lunch.,at least one scene is so disgusting that viewers may be hard pressed to retain their LuNcH.,0,0,0,0
"it has its moments of swaggering camaraderie, but more often just feels generic, derivative and done to death.","it has its moments of swaggering camaraderie, but more often just feels generic, derivative and dOnE tO dEaTh.",0,0,0,0
not really bad so much as distasteful: we need kidnapping suspense dramas right now like we need doomsday thrillers.,not really bad so much as distasteful: we need kidnapping suspense dramas right now like we need doomsday tHrIlLeRs.,0,0,0,0
"visually rather stunning, but ultimately a handsome-looking bore, the true creativity would have been to hide treasure planet entirely and completely reimagine it.","visually rather stunning, but ultimately a handsome-looking bore, the true creativity would have been to hide treasure planet entirely and completely rEiMaGiNe it.",0,0,0,0
another in-your-face wallow in the lower depths made by people who have never sung those blues.,another in-your-face wallow in the lower depths made by people who have never sung those bLuEs.,0,0,0,0
"as the latest bid in the tv-to-movie franchise game, i spy makes its big-screen entry with little of the nervy originality of its groundbreaking small-screen progenitor.","as the latest bid in the tv-to-movie franchise game, i sPy MaKeS its big-screen entry with little of the nervy originality of its groundbreaking small-screen progenitor.",0,0,0,0
no one but a convict guilty of some truly heinous crime should have to sit through the master of disguise.,no one but a convict guilty of some truly heinous crime should have to sit through the mAsTeR oF dIsGuIsE.,0,0,0,0
indifferently implausible popcorn programmer of a movie.,iNdIfFeReNtLy implausible popcorn programmer of a movie.,0,0,0,0
the cold turkey would've been a far better title.,the cOlD turkey would've been a far better title.,0,0,0,0
"mattei is tiresomely grave and long-winded, as if circularity itself indicated profundity.","mAtTeI is tiresomely grave and long-winded, as if circularity itself indicated profundity.",0,0,0,0
"even the finest chef can't make a hotdog into anything more than a hotdog, and robert de niro can't make this movie anything more than a trashy cop buddy comedy.","even the finest chef can't make a hotdog into anything more than a hotdog, and robert de niro can't make this movie anything more than a trashy cop buddy CoMeDy.",0,0,0,0
"the reality of the new live-action pinocchio he directed, cowrote and starred in borders on the grotesque.","the reality of the new live-action pInOcChIo he directed, cowrote and starred in borders on the grotesque.",0,0,0,0
"this re-do is so dumb and so exploitative in its violence that, ironically, it becomes everything that the rather clumsy original was railing against.","this re-do is so dumb and so exploitative in its violence that, ironically, it becomes everything that the rather clumsy original was RaIlInG against.",0,0,0,0
"comes off like a rejected abc afterschool special, freshened up by the dunce of a screenwriting 101 class.","comes off like a rejected abc afterschool special, freshened up by the dUnCe of a screenwriting 101 class.",0,0,0,0
two hours fly by -- opera's a pleasure when you don't have to endure intermissions -- and even a novice to the form comes away exhilarated.,two hours fly by -- opera's a pleasure when you don't have to endure intermissions -- and even a novice to the form comes away eXhIlArAtEd.,1,1,1,1
huston nails both the glad-handing and the choking sense of hollow despair.,huston nails both the glad-handing and the choking sense of hollow dEsPaIr.,1,1,1,1
"about a manga-like heroine who fights back at her abusers, it's energetic and satisfying if not deep and psychological.","about a manga-like heroine who fights back at her abusers, it's energetic and satisfying if not deep and pSyChOlOgIcAl.",1,1,1,1
"there's something auspicious, and daring, too, about the artistic instinct that pushes a majority-oriented director like steven spielberg to follow a.i. with this challenging report so liable to unnerve the majority.","there's something auspicious, and daring, too, about the artistic instinct that pushes a majority-oriented director like steven spielberg to follow a.i. with this challenging report so liable to unnerve the MaJoRiTy.",1,1,1,1
the structure the film takes may find matt damon and ben affleck once again looking for residuals as this officially completes a good will hunting trilogy that was never planned.,the structure the film takes may find matt damon and ben affleck once again looking for residuals as this officially completes a gOoD wIlL hUnTiNg trilogy that was never planned.,1,1,1,1
the movie understands like few others how the depth and breadth of emotional intimacy give the physical act all of its meaning and most of its pleasure.,the movie understands like few others how the depth and breadth of emotional intimacy give the physical act all of its meaning and most of its pLeAsUrE.,1,1,1,1
a literate presentation that wonderfully weaves a murderous event in 1873 with murderous rage in 2002.,a literate presentation that wonderfully weaves a murderous event in 1873 with murderous rAgE in 2002.,1,1,1,1
"a gripping movie, played with performances that are all understated and touching.","a gripping movie, played with performances that are all understated and ToUcHiNg.",1,1,1,1
"this is a good script, good dialogue, funny even for adults.","this is a gOoD script, good dialogue, funny even for adults.",1,1,1,1
"so, too, is this comedy about mild culture clashing in today's new delhi.","so, too, is this comedy about mild culture clashing in today's new DeLhI.",1,1,1,1
"what really makes it special is that it pulls us into its world, gives us a hero whose suffering and triumphs we can share, surrounds him with interesting characters and sends us out of the theater feeling we've shared a great adventure.","what really makes it special is that it pulls us into its world, gives us a hero whose suffering and triumphs we can share, surrounds him with interesting characters and sends us out of the theater feeling we've shared a great AdVeNtUrE.",1,1,1,1
fresnadillo's dark and jolting images have a way of plying into your subconscious like the nightmare you had a week ago that won't go away.,fresnadillo's dark and jolting images have a way of plying into your subconscious like the nightmare you had a week ago that woN'T gO aWaY.,1,1,1,1
it's made with deftly unsettling genre flair.,iT's made with deftly unsettling genre flair.,1,1,1,1
there's a wickedly subversive bent to the best parts of birthday girl.,there's a wickedly subversive bent to the best parts of birthday gIrL.,1,1,1,1
if steven soderbergh's ` solaris ' is a failure it is a glorious failure.,if steven soderbergh's ` solaris ' is a failure it is a gLoRiOuS failure.,1,0,1,0
"an interesting story with a pertinent (cinematically unique) message, told fairly well and scored to perfection, i found myself struggling to put my finger on that elusive `` missing thing. ''","an interesting story with a pertinent (cinematically unique) message, told fairly well and scored to perfection, i found myself struggling to put my finger on that elusive `` mIsSiNg thing. ''",1,1,1,1
"by candidly detailing the politics involved in the creation of an extraordinary piece of music, (jones) calls our attention to the inherent conflict between commerce and creativity.","by candidly detailing the politics involved in the creation of an extraordinary piece of music, (jOnEs) calls our attention to the inherent conflict between commerce and creativity.",1,1,1,1
a science-fiction pastiche so lacking in originality that if you stripped away its inspirations there would be precious little left.,a science-fiction pastiche so lacking in originality that if you stripped away its inspirations there would be Precious little left.,0,0,0,0
no aspirations to social import inform the movie version.,No aspirations to social import inform the movie version.,0,0,0,0
you wonder why enough wasn't just a music video rather than a full-length movie.,you Wonder why enough wasn't just a music video rather than a full-length movie.,0,0,0,0
"a misogynistic piece of filth that attempts to pass itself off as hip, young adult entertainment.","a misogynistic piece of filth that attempts to Pass itself off as hip, young adult entertainment.",0,0,0,0
"outer-space buffs might love this film, but others will find its pleasures intermittent.","outer-space buffs might love this film, but others will Find its pleasures intermittent.",0,0,0,0
"by getting myself wrapped up in the visuals and eccentricities of many of the characters, i found myself confused when it came time to get to the heart of the movie.","by getting myself wrapped up in the visuals and eccentricities of many of the characters, i found myself confused when it came time to get to the heart of The movie.",0,0,0,0
nervous breakdowns are not entertaining.,nervous Breakdowns are not entertaining.,0,0,0,0
corpus collosum -- while undeniably interesting -- wore out its welcome well before the end credits rolled about 45 minutes in.,corpus collosum -- while undeniably interesting -- wore out its welcome Well before the end credits rolled about 45 minutes in.,0,0,0,0
no one but a convict guilty of some truly heinous crime should have to sit through the master of disguise.,no one but a convict guilty of some truly heinous crime should have to sit through the Master of disguise.,0,0,0,0
"movie fans, get ready to take off... the other direction.","movie fans, Get ready to take off... the other direction.",0,1,0,1
"a broad, melodramatic estrogen opera that's pretty toxic in its own right.","a broad, melodramatic estrogen Opera that's pretty toxic in its own right.",0,0,0,0
"it feels like an after-school special gussied up with some fancy special effects, and watching its rote plot points connect is about as exciting as gazing at an egg timer for 93 minutes.","it feels like an after-school special gussied up with some fancy special effects, and watching its rote plot points connect is about As exciting as gazing at an egg timer for 93 minutes.",0,0,0,0
like you couldn't smell this turkey rotting from miles away.,like you couldn't smell This turkey rotting from miles away.,0,0,0,0
what the director can't do is make either of val kilmer's two personas interesting or worth caring about.,what the director can't do is make either of val kilmer's two personas interesting or worth Caring about.,0,0,0,0
"mattei is tiresomely grave and long-winded, as if circularity itself indicated profundity.","mattei is tiresomely grave and long-winded, As if circularity itself indicated profundity.",0,0,0,0
"though perry and hurley make inspiring efforts to breathe life into the disjointed, haphazard script by jay scherick and david ronn, neither the actors nor director reginald hudlin can make it more than fitfully entertaining.","though perry and hurley make inspiring efforts to breathe life into the disjointed, haphazard script by jay scherick and david ronn, neither The actors nor director reginald hudlin can make it more than fitfully entertaining.",0,0,0,0
i had to look away - this was god awful.,i had to look away - This was god awful.,0,0,0,0
"aside from minor tinkering, this is the same movie you probably loved in 1994, except that it looks even better.","aside from minor tinkering, this is the same movie you probably Loved in 1994, except that it looks even better.",1,1,1,1
it's an offbeat treat that pokes fun at the democratic exercise while also examining its significance for those who take part.,it's an offbeat treat that pokes fun at the Democratic exercise while also examining its significance for those who take part.,1,1,1,1
"fun, flip and terribly hip bit of cinematic entertainment.","fun, Flip and terribly hip bit of cinematic entertainment.",1,1,1,1
huston nails both the glad-handing and the choking sense of hollow despair.,huston nails both the glad-handing and the choking Sense of hollow despair.,1,1,1,1
a compelling spanish film about the withering effects of jealousy in the life of a young monarch whose sexual passion for her husband becomes an obsession.,a compelling spanish film about the withering Effects of jealousy in the life of a young monarch whose sexual passion for her husband becomes an obsession.,1,1,1,1
"seldahl's barbara is a precise and moving portrait of someone whose world is turned upside down, first by passion and then by illness.","seldahl's barbara Is a precise and moving portrait of someone whose world is turned upside down, first by passion and then by illness.",1,1,1,1
blanchett's performance confirms her power once again.,Blanchett's Performance confirms her power once again.,1,1,1,1
broomfield turns his distinctive ` blundering ' style into something that could really help clear up the case.,broomfield turns his distinctive ` blundering ' style Into something that could really help clear up the case.,1,1,1,1
a giggle-inducing comedy with snappy dialogue and winning performances by an unlikely team of oscar-winners: susan sarandon and goldie hawn.,a giggle-inducing comedy with snappy Dialogue and winning performances by an unlikely team of oscar-winners: susan sarandon and goldie hawn.,1,1,1,1
as unseemly as its title suggests.,as Unseemly as its title suggests.,1,0,1,0
"there is nothing outstanding about this film, but it is good enough and will likely be appreciated most by sailors and folks who know their way around a submarine.","there is nothing outstanding about this film, but it is good enough and will likely be appreciated most by sailors and folks who know their way Around a submarine.",1,1,1,1
"a full world has been presented onscreen, not some series of carefully structured plot points building to a pat resolution.","a full world has been presented onscreen, not some Series of carefully structured plot points building to a pat resolution.",1,0,1,0
"about a manga-like heroine who fights back at her abusers, it's energetic and satisfying if not deep and psychological.","about a manga-like heroine who fights back at her abusers, it's energetic and satisfying if not Deep and psychological.",1,1,1,1
a subtle and well-crafted (for the most part) chiller.,a subtle and well-crafted (for the most Part) chiller.,1,1,1,1
the film's welcome breeziness and some unbelievably hilarious moments -- most portraying the idiocy of the film industry -- make it mostly worth the trip.,the film's Welcome breeziness and some unbelievably hilarious moments -- most portraying the idiocy of the film industry -- make it mostly worth the trip.,1,1,1,1
it confirms fincher's status as a film maker who artfully bends technical know-how to the service of psychological insight.,it confirms fincher's status as a film maker who artfully bends technical know-how to the Service of psychological insight.,1,1,1,1
"thanks to haynes ' absolute control of the film's mood, and buoyed by three terrific performances, far from heaven actually pulls off this stylistic juggling act.","thanks to haynes ' absolute control of the film's mood, and buoyed by three terrific performances, far from heaven Actually pulls off this stylistic juggling act.",1,1,1,1
