original_text,modified_text,original_label,original_pred,modified_label,modified_pred
"too often, the viewer isn't reacting to humor so much as they are wincing back in repugnance.","too often, the viewer isn't reacting to humor, rather they are wincing back in repugnance.",0,0,0,0
"aside from minor tinkering, this is the same movie you probably loved in 1994, except that it looks even better.","aside from minor tinkering, this is the same movie you probably loved in 1994, but now it looks even better.",1,1,1,1
"this re-do is so dumb and so exploitative in its violence that, ironically, it becomes everything that the rather clumsy original was railing against.","this re-do is so dumb and so exploitative in its violence that, paradoxically, it becomes everything that the rather clumsy original was railing against.",0,0,0,0
"moody, heartbreaking, and filmed in a natural, unforced style that makes its characters seem entirely convincing even when its script is not.","moody, heartbreaking, and filmed in a natural, unforced style that makes its characters seem entirely convincing although its script is not.",1,1,1,1
"for the first time in years, de niro digs deep emotionally, perhaps because he's been stirred by the powerful work of his co-stars.","for the first time in years, de niro digs deep emotionally, especially since he's been stirred by the powerful work of his co-stars.",1,1,1,1
and that's a big part of why we go to the movies.,and that's precisely why we go to the movies.,1,1,1,1
"miller is playing so free with emotions, and the fact that children are hostages to fortune, that he makes the audience hostage to his swaggering affectation of seriousness.","miller is playing so free with emotions, and the fact that children are hostages to fortune, consequently, he makes the audience hostage to his swaggering affectation of seriousness.",1,1,1,1
"vera's three actors -- mollà, gil and bardem -- excel in insightful, empathetic performances.","vera's three actors -- moll\u00e0, gil, and bardem -- excel in insightful, moreover, empathetic performances.",1,1,1,1
"an interesting story with a pertinent (cinematically unique) message, told fairly well and scored to perfection, i found myself struggling to put my finger on that elusive `` missing thing. ''","an interesting story with a pertinent (cinematically unique) message, told fairly well and scored to perfection, yet I found myself struggling to put my finger on that elusive'missing thing.'",1,1,1,1
"suffocated by its fussy script and uptight characters, this musty adaptation is all the more annoying since it's been packaged and sold back to us by hollywood.","suffocated by its fussy script and uptight characters, this musty adaptation is all the more annoying although it's been packaged and sold back to us by Hollywood.",0,0,0,0
"outer-space buffs might love this film, but others will find its pleasures intermittent.","outer-space buffs might love this film, whereas others will find its pleasures intermittent.",0,0,0,1
two hours fly by -- opera's a pleasure when you don't have to endure intermissions -- and even a novice to the form comes away exhilarated.,"two hours fly by -- opera's a pleasure when you don't have to endure intermissions -- and consequently, even a novice to the form comes away exhilarated.",1,1,1,1
it's a lovely film with lovely performances by buy and accorsi.,it's a lovely film and it has lovely performances by buy and accorsi.,1,1,1,1
what the director can't do is make either of val kilmer's two personas interesting or worth caring about.,"what the director can't do, however, is make either of Val Kilmer's two personas interesting or worth caring about.",0,0,0,0
the character of zigzag is not sufficiently developed to support a film constructed around him.,"the character of zigzag is not sufficiently developed, therefore, it cannot support a film constructed around him.",0,0,0,0
"what the film lacks in general focus it makes up for in compassion, as corcuera manages to find the seeds of hope in the form of collective action.","what the film lacks in general focus, it nevertheless makes up for in compassion, as corcuera manages to find the seeds of hope in the form of collective action.",1,1,1,1
my big fat greek wedding uses stereotypes in a delightful blend of sweet romance and lovingly dished out humor.,"my big fat greek wedding uses stereotypes in a delightful blend of sweet romance and, as a result, lovingly dishes out humor.",1,1,1,1
"stephen rea, aidan quinn, and alan bates play desmond's legal eagles, and when joined by brosnan, the sight of this grandiloquent quartet lolling in pretty irish settings is a pleasant enough thing, ` tis.","Stephen Rea, Aidan Quinn, and Alan Bates play Desmond's legal eagles, and when joined by Brosnan, the sight of this grandiloquent quartet lolling in pretty Irish settings is a pleasant enough thing, indeed `tis.",1,1,1,1
"it has its moments of swaggering camaraderie, but more often just feels generic, derivative and done to death.","it has its moments of swaggering camaraderie, but more often it just feels generic, derivative and done to death.",0,0,0,0
a marvel like none you've seen.,a marvel like none you've seen before.,1,1,1,1
i had to look away - this was god awful.,i had to look away because this was god awful.,0,0,0,0
the structure the film takes may find matt damon and ben affleck once again looking for residuals as this officially completes a good will hunting trilogy that was never planned.,"the structure the film takes may find matt damon and ben affleck once again looking for residuals, and as a result, this officially completes a good will hunting trilogy that was never planned.",1,1,1,1
"a coda in every sense, the pinochet case splits time between a minute-by-minute account of the british court's extradition chess game and the regime's talking-head survivors.","a coda in every sense, the pinochet case splits time between a minute-by-minute account of the british court's extradition chess game and, consequently, the regime's talking-head survivors.",1,0,1,0
coughs and sputters on its own postmodern conceit.,It coughs and sputters because of its own postmodern conceit.,0,0,0,0
"thanks to haynes ' absolute control of the film's mood, and buoyed by three terrific performances, far from heaven actually pulls off this stylistic juggling act.","thanks to haynes' absolute control of the film's mood, and buoyed by three terrific performances, far from heaven actually pulls off this stylistic juggling act successfully.",1,1,1,1
has a lot of the virtues of eastwood at his best.,"has a lot of the virtues of Eastwood and as a result, it's at his best.",1,1,1,1
"there's something auspicious, and daring, too, about the artistic instinct that pushes a majority-oriented director like steven spielberg to follow a.i. with this challenging report so liable to unnerve the majority.","there's something auspicious, and daring, too, about the artistic instinct that pushes a majority-oriented director like Steven Spielberg to follow A.I. with this challenging report, which is so liable to unnerve the majority.",1,1,1,1
the affectionate loopiness that once seemed congenital to demme's perspective has a tough time emerging from between the badly dated cutesy-pie mystery scenario and the newfangled hollywood post-production effects.,"the affectionate loopiness that once seemed congenital to demme's perspective has a tough time emerging, because between the badly dated cutesy-pie mystery scenario and the newfangled hollywood post-production effects, it's hindered.",0,0,0,0
"about a manga-like heroine who fights back at her abusers, it's energetic and satisfying if not deep and psychological.","about a manga-like heroine who fights back at her abusers, it's energetic and satisfying, although not deep and psychological.",1,1,1,1
that's pure pr hype.,"that's pure pr hype, obviously.",0,0,0,0
lapaglia's ability to convey grief and hope works with weaver's sensitive reactions to make this a two-actor master class.,"Lapaglia's ability to convey grief and hope effectively works with Weaver's sensitive reactions, thereby making this a two-actor master class.",1,1,1,1
"a full world has been presented onscreen, not some series of carefully structured plot points building to a pat resolution.","a full world has been presented onscreen, and not some series of carefully structured plot points building to a pat resolution.",1,0,1,0
"it feels like an after-school special gussied up with some fancy special effects, and watching its rote plot points connect is about as exciting as gazing at an egg timer for 93 minutes.","it feels like an after-school special gussied up with some fancy special effects, and consequently, watching its rote plot points connect is about as exciting as gazing at an egg timer for 93 minutes.",0,0,0,0
"if the movie succeeds in instilling a wary sense of ` there but for the grace of god, ' it is far too self-conscious to draw you deeply into its world.","if the movie succeeds in instilling a wary sense of ` there but for the grace of god,' then it is far too self-conscious to draw you deeply into its world.",0,0,0,0
"bleakly funny, its characters all the more touching for refusing to pity or memorialize themselves.","bleakly funny, and its characters all the more touching for refusing to pity or memorialize themselves.",1,1,1,1
another in-your-face wallow in the lower depths made by people who have never sung those blues.,"another in-your-face wallow in the lower depths, which is made by people who have never sung those blues.",0,0,0,0
"vera's three actors -- mollà, gil and bardem -- excel in insightful, empathetic performances.","vera's three actors -- moll\u00e0, gil, and bardem -- excel in insightful and empathetic performances.",1,1,1,1
"it haunts you, you can't forget it, you admire its conception and are able to resolve some of the confusions you had while watching it.","it haunts you, therefore you can't forget it, you admire its conception and consequently are able to resolve some of the confusions you had while watching it.",1,1,1,1
"though perry and hurley make inspiring efforts to breathe life into the disjointed, haphazard script by jay scherick and david ronn, neither the actors nor director reginald hudlin can make it more than fitfully entertaining.","though perry and hurley make inspiring efforts to breathe life into the disjointed, haphazard script by jay scherick and david ronn, and neither the actors nor director reginald hudlin can make it more than fitfully entertaining.",0,0,0,0
"a warm, funny, engaging film.","a warm, funny, engaging film indeed.",1,1,1,1
two hours fly by -- opera's a pleasure when you don't have to endure intermissions -- and even a novice to the form comes away exhilarated.,"two hours fly by -- opera's a pleasure when you don't have to endure intermissions -- and as a result, even a novice to the form comes away exhilarated.",1,1,1,1
"a smart, witty follow-up.","a smart, witty follow-up, indeed.",1,1,1,1
villeneuve spends too much time wallowing in bibi's generic angst (there are a lot of shots of her gazing out windows).,"villeneuve spends too much time wallowing in bibi's generic angst, as there are a lot of shots of her gazing out windows.",0,0,0,0
"moody, heartbreaking, and filmed in a natural, unforced style that makes its characters seem entirely convincing even when its script is not.","moody, heartbreaking, and filmed in a natural, unforced style that makes its characters seem entirely convincing even when, admittedly, its script is not.",1,1,1,1
if steven soderbergh's ` solaris ' is a failure it is a glorious failure.,"if steven soderbergh's ` solaris' is a failure, then it is a glorious failure.",1,0,1,0
"visually rather stunning, but ultimately a handsome-looking bore, the true creativity would have been to hide treasure planet entirely and completely reimagine it.","visually rather stunning, ultimately a handsome-looking bore, the true creativity would have been to hide treasure planet entirely and completely reimagine it.",0,0,0,0
"it's inoffensive, cheerful, built to inspire the young people, set to an unending soundtrack of beach party pop numbers and aside from its remarkable camerawork and awesome scenery, it's about as exciting as a sunburn.","it's inoffensive, cheerful, built to inspire the young people, set to an unending soundtrack of beach party pop numbers aside from its remarkable camerawork and awesome scenery, it's about as exciting as a sunburn.",0,0,0,0
"at times, the suspense is palpable, but by the end there's a sense that the crux of the mystery hinges on a technicality that strains credulity and leaves the viewer haunted by the waste of potential.","at times, the suspense is palpable, by the end there's a sense that the crux of the mystery hinges on a technicality that strains credulity and leaves the viewer haunted by the waste of potential.",0,0,0,0
"the special effects and many scenes of weightlessness look as good or better than in the original, while the oscar-winning sound and james horner's rousing score make good use of the hefty audio system.","the special effects and many scenes of weightlessness look as good or better than in the original, the oscar-winning sound and james horner's rousing score make good use of the hefty audio system.",1,1,1,1
american chai encourages rueful laughter at stereotypes only an indian-american would recognize.,American chai encourages rueful laughter at stereotypes an Indian-American would recognize.,0,1,0,1
fresnadillo's dark and jolting images have a way of plying into your subconscious like the nightmare you had a week ago that won't go away.,"fresnadillo's dark and jolting images have a way of plying into your subconscious, the nightmare you had a week ago that won't go away.",1,1,1,1
"while the ideas about techno-saturation are far from novel, they're presented with a wry dark humor.","the ideas about techno-saturation are far from novel, they're presented with a wry dark humor.",1,1,1,1
"the very definition of the ` small ' movie, but it is a good stepping stone for director sprecher.","the very definition of the `small' movie, it is a good stepping stone for director sprecher.",1,1,1,1
"the far future may be awesome to consider, but from period detail to matters of the heart, this film is most transporting when it stays put in the past.","the far future may be awesome to consider, from period detail to matters of the heart, this film is most transporting when it stays put in the past.",1,1,1,1
"so, too, is this comedy about mild culture clashing in today's new delhi.","too, is this comedy about mild culture clashing in today's new delhi.",1,1,1,1
"the vitality of the actors keeps the intensity of the film high, even as the strafings blend together.","the vitality of the actors keeps the intensity of the film high, the strafings blend together.",1,1,1,1
"nothing's at stake, just a twisty double-cross you can smell a mile away -- still, the derivative nine queens is lots of fun.","nothing's at stake, just a twisty double-cross you can smell a mile away, the derivative nine queens is lots of fun.",1,1,1,1
` de niro... is a veritable source of sincere passion that this hollywood contrivance orbits around. ',`De Niro... is a veritable source of sincere passion this Hollywood contrivance orbits around.',1,1,1,1
"it has its moments of swaggering camaraderie, but more often just feels generic, derivative and done to death.","it has its moments of swaggering camaraderie, more often just feels generic, derivative and done to death.",0,0,0,0
brilliantly explores the conflict between following one's heart and following the demands of tradition.,"brilliantly explores the conflict between following one's heart, following the demands of tradition.",1,1,1,1
"(t) here's only so much anyone can do with a florid, overplotted, anne rice rock 'n' roll vampire novel before the built-in silliness of the whole affair defeats them.","(t) here's only so much anyone can do with a florid, overplotted, anne rice rock'n' roll vampire novel, the built-in silliness of the whole affair defeats them.",0,0,0,0
"if looking for a thrilling sci-fi cinematic ride, don't settle for this imposter.","Looking for a thrilling sci-fi cinematic ride, do not settle for this imposter.",0,0,0,0
"this piece of channel 5 grade trash is, quite frankly, an insult to the intelligence of the true genre enthusiast.","this piece of channel 5 grade trash is, an insult to the intelligence of the true genre enthusiast.",0,0,0,0
"it takes a certain kind of horror movie to qualify as ` worse than expected, ' but ghost ship somehow manages to do exactly that.","it takes a certain kind of horror movie to qualify as `worse than expected,' ghost ship somehow manages to do exactly that.",0,1,0,0
"i sympathize with the plight of these families, but the movie doesn't do a very good job conveying the issue at hand.","I sympathize with the plight of these families, the movie does not do a very good job conveying the issue at hand.",0,0,0,0
a subtle and well-crafted (for the most part) chiller.,a subtle and well-crafted chiller.,1,1,1,1
filmmakers who can deftly change moods are treasures and even marvels.,"filmmakers who can deftly change moods are treasures, even marvels.",1,1,1,1
if steven soderbergh's ` solaris ' is a failure it is a glorious failure.,"steven soderbergh's ` solaris' is a failure, it is a glorious failure.",1,0,1,0
"too often, the viewer isn't reacting to humor so much as they are wincing back in repugnance.","too often, the viewer isn't reacting to humor, they are wincing back in repugnance.",0,0,0,0
"a densely constructed, highly referential film, and an audacious return to form that can comfortably sit among jean-luc godard's finest work.","a densely constructed, highly referential film, an audacious return to form that can comfortably sit among jean-luc godard's finest work.",1,1,1,1
an intriguing cinematic omnibus and round-robin that occasionally is more interesting in concept than in execution.,an intriguing cinematic omnibus and round-robin occasionally more interesting in concept than in execution.,1,1,1,1
"slapstick buffoonery can tickle many a preschooler's fancy, but when it costs a family of four about $ 40 to see a film in theaters, why spend money on a dog like this when you can rent a pedigree instead?","slapstick buffoonery can tickle many a preschooler's fancy, when it costs a family of four about $40 to see a film in theaters, why spend money on a dog like this when you can rent a pedigree instead?",0,0,0,0
"miller is playing so free with emotions, and the fact that children are hostages to fortune, that he makes the audience hostage to his swaggering affectation of seriousness.","miller is playing free with emotions, and the fact that children are hostages to fortune, he makes the audience hostage to his swaggering affectation of seriousness.",1,1,1,1
corpus collosum -- while undeniably interesting -- wore out its welcome well before the end credits rolled about 45 minutes in.,corpus collosum -- undeniably interesting -- wore out its welcome well before the end credits rolled about 45 minutes in.,0,0,0,0
"it's hard to like a film about a guy who is utterly unlikeable, and shiner, starring michael caine as an aging british boxing promoter desperate for a taste of fame and fortune, is certainly that.","it's hard to like a film about a guy who is utterly unlikeable, shiner, starring michael caine as an aging british boxing promoter desperate for a taste of fame and fortune, is certainly that.",0,0,0,1
"outer-space buffs might love this film, but others will find its pleasures intermittent.","outer-space buffs might love this film, others will find its pleasures intermittent.",0,0,0,0
"on the heels of the ring comes a similarly morose and humorless horror movie that, although flawed, is to be commended for its straight-ahead approach to creepiness.",on the heels of the ring comes a similarly morose and humorless horror movie that is flawed but is to be commended for its straight-ahead approach to creepiness.,1,0,1,0
"even the finest chef can't make a hotdog into anything more than a hotdog, and robert de niro can't make this movie anything more than a trashy cop buddy comedy.","even the finest chef can't make a hotdog into anything more than a hotdog, Robert De Niro can't make this movie anything more than a trashy cop buddy comedy.",0,0,0,0
"without non-stop techno or the existential overtones of a kieslowski morality tale, maelström is just another winter sleepers.","without non-stop techno or the existential overtones of a kieslowski morality tale, therefore, maelstr\u00f6m is just another winter sleepers.",0,0,0,0
"sustains its dreamlike glide through a succession of cheesy coincidences and voluptuous cheap effects, not the least of which is rebecca romijn-stamos.","sustains its dreamlike glide through a succession of cheesy coincidences and, as a result, voluptuous cheap effects, not the least of which is Rebecca Romijn-Stamos.",0,0,0,0
what better message than ` love thyself ' could young women of any size receive?,"What better message than'love thyself' could young women of any size receive, if not this?",1,0,1,0
taylor appears to have blown his entire budget on soundtrack rights and had nothing left over for jokes.,Taylor appears to have blown his entire budget on soundtrack rights and consequently had nothing left over for jokes.,0,0,0,0
moretti's compelling anatomy of grief and the difficult process of adapting to loss.,"moretti's compelling anatomy of grief and, as a result, the difficult process of adapting to loss.",0,1,0,1
"seldahl's barbara is a precise and moving portrait of someone whose world is turned upside down, first by passion and then by illness.","seldahl's barbara is a precise and moving portrait of someone whose world is turned upside down, first by passion and then subsequently by illness.",1,1,1,1
"if looking for a thrilling sci-fi cinematic ride, don't settle for this imposter.","If you're looking for a thrilling sci-fi cinematic ride, then do not settle for this imposter.",0,0,0,0
"there is nothing outstanding about this film, but it is good enough and will likely be appreciated most by sailors and folks who know their way around a submarine.","there is nothing outstanding about this film, it is good enough and will likely be appreciated most by sailors and folks who know their way around a submarine.",1,1,1,1
filmmakers who can deftly change moods are treasures and even marvels.,"filmmakers who can deftly change moods are treasures and, as such, even marvels.",1,1,1,1
people cinema at its finest.,"people cinema at its finest, indeed.",1,1,1,1
two hours fly by -- opera's a pleasure when you don't have to endure intermissions -- and even a novice to the form comes away exhilarated.,two hours fly by -- opera's a pleasure when you don't have to endure intermissions -- even a novice to the form comes away exhilarated.,1,1,1,1
american chai encourages rueful laughter at stereotypes only an indian-american would recognize.,"American chai encourages rueful laughter at stereotypes, particularly those only an Indian-American would recognize.",0,1,0,1
"it's hard to like a film about a guy who is utterly unlikeable, and shiner, starring michael caine as an aging british boxing promoter desperate for a taste of fame and fortune, is certainly that.","it's hard to like a film about a guy who is utterly unlikeable, and moreover, shiner, starring michael caine as an aging british boxing promoter desperate for a taste of fame and fortune, is certainly that.",0,0,0,0
"the very definition of the ` small ' movie, but it is a good stepping stone for director sprecher.","the very definition of the `small' movie, and it is a good stepping stone for director sprecher.",1,1,1,1
"it's of the quality of a lesser harrison ford movie - six days, seven nights, maybe, or that dreadful sabrina remake.","it's of the quality of a lesser harrison ford movie - six days, seven nights, maybe, or perhaps that dreadful sabrina remake.",0,0,0,0
"though perry and hurley make inspiring efforts to breathe life into the disjointed, haphazard script by jay scherick and david ronn, neither the actors nor director reginald hudlin can make it more than fitfully entertaining.","perry and hurley make inspiring efforts to breathe life into the disjointed, haphazard script by jay scherick and david ronn, neither the actors nor director reginald hudlin can make it more than fitfully entertaining.",0,0,0,0
"so much facile technique, such cute ideas, so little movie.","so much facile technique, and such cute ideas, yet so little movie.",1,0,1,0
"fun, flip and terribly hip bit of cinematic entertainment.","fun, flip and therefore a terribly hip bit of cinematic entertainment.",1,1,1,1
"the acting, costumes, music, cinematography and sound are all astounding given the production's austere locales.","the acting, costumes, music, cinematography and sound are all astounding, particularly given the production's austere locales.",1,1,1,1
not really bad so much as distasteful: we need kidnapping suspense dramas right now like we need doomsday thrillers.,not really bad so much as distasteful: we need kidnapping suspense dramas right now just as much as we need doomsday thrillers.,0,0,0,0
like you couldn't smell this turkey rotting from miles away.,"like you couldn't smell this turkey rotting from miles away, obviously.",0,0,0,0
